family	rank	member	role	resource	assembler	priority	expected_bytes	md5	url	relpath
r1_HG00514	1	HG00512	father	HGSVC3	pbmm2_t2t_hifi	essential	75414640911		https://ftp.1000genomes.ebi.ac.uk/vol1/ftp/data_collections/HGSVC3/working/20250307_Alignments_HiFi_T2T/HG00512_20250307_Alignments_HiFi_T2T.bam	data/r1_HG00514/HG00512/HG00512_20250307_Alignments_HiFi_T2T.bam
r1_HG00514	1	HG00512	father	HGSVC3	pbmm2_t2t_hifi	essential	9734864		https://ftp.1000genomes.ebi.ac.uk/vol1/ftp/data_collections/HGSVC3/working/20250307_Alignments_HiFi_T2T/HG00512_20250307_Alignments_HiFi_T2T.bam.bai	data/r1_HG00514/HG00512/HG00512_20250307_Alignments_HiFi_T2T.bam.bai
r1_HG00514	1	HG00513	mother	HGSVC3	pbmm2_t2t_hifi	essential	101713489196		https://ftp.1000genomes.ebi.ac.uk/vol1/ftp/data_collections/HGSVC3/working/20250307_Alignments_HiFi_T2T/HG00513_20250307_Alignments_HiFi_T2T.bam	data/r1_HG00514/HG00513/HG00513_20250307_Alignments_HiFi_T2T.bam
r1_HG00514	1	HG00513	mother	HGSVC3	pbmm2_t2t_hifi	essential	18112064		https://ftp.1000genomes.ebi.ac.uk/vol1/ftp/data_collections/HGSVC3/working/20250307_Alignments_HiFi_T2T/HG00513_20250307_Alignments_HiFi_T2T.bam.bai	data/r1_HG00514/HG00513/HG00513_20250307_Alignments_HiFi_T2T.bam.bai
r1_HG00514	1	HG00514	child	HGSVC3	pbmm2_t2t_hifi	essential	119101838934		https://ftp.1000genomes.ebi.ac.uk/vol1/ftp/data_collections/HGSVC3/working/20250307_Alignments_HiFi_T2T/HG00514_20250307_Alignments_HiFi_T2T.bam	data/r1_HG00514/HG00514/HG00514_20250307_Alignments_HiFi_T2T.bam
r1_HG00514	1	HG00514	child	HGSVC3	pbmm2_t2t_hifi	essential	9738096		https://ftp.1000genomes.ebi.ac.uk/vol1/ftp/data_collections/HGSVC3/working/20250307_Alignments_HiFi_T2T/HG00514_20250307_Alignments_HiFi_T2T.bam.bai	data/r1_HG00514/HG00514/HG00514_20250307_Alignments_HiFi_T2T.bam.bai
r2_NA19240	2	NA19239	father	HGSVC3	pbmm2_t2t_hifi	essential	122754769672		https://ftp.1000genomes.ebi.ac.uk/vol1/ftp/data_collections/HGSVC3/working/20250307_Alignments_HiFi_T2T/NA19239_20250307_Alignments_HiFi_T2T.bam	data/r2_NA19240/NA19239/NA19239_20250307_Alignments_HiFi_T2T.bam
r2_NA19240	2	NA19239	father	HGSVC3	pbmm2_t2t_hifi	essential	25853264		https://ftp.1000genomes.ebi.ac.uk/vol1/ftp/data_collections/HGSVC3/working/20250307_Alignments_HiFi_T2T/NA19239_20250307_Alignments_HiFi_T2T.bam.bai	data/r2_NA19240/NA19239/NA19239_20250307_Alignments_HiFi_T2T.bam.bai
r2_NA19240	2	NA19238	mother	HGSVC3	pbmm2_t2t_hifi	essential	246894159947		https://ftp.1000genomes.ebi.ac.uk/vol1/ftp/data_collections/HGSVC3/working/20250307_Alignments_HiFi_T2T/NA19238_20250307_Alignments_HiFi_T2T.bam	data/r2_NA19240/NA19238/NA19238_20250307_Alignments_HiFi_T2T.bam
r2_NA19240	2	NA19238	mother	HGSVC3	pbmm2_t2t_hifi	essential	43927160		https://ftp.1000genomes.ebi.ac.uk/vol1/ftp/data_collections/HGSVC3/working/20250307_Alignments_HiFi_T2T/NA19238_20250307_Alignments_HiFi_T2T.bam.bai	data/r2_NA19240/NA19238/NA19238_20250307_Alignments_HiFi_T2T.bam.bai
r2_NA19240	2	NA19240	child	HGSVC3	pbmm2_t2t_hifi	essential	187015372953		https://ftp.1000genomes.ebi.ac.uk/vol1/ftp/data_collections/HGSVC3/working/20250307_Alignments_HiFi_T2T/NA19240_20250307_Alignments_HiFi_T2T.bam	data/r2_NA19240/NA19240/NA19240_20250307_Alignments_HiFi_T2T.bam
r2_NA19240	2	NA19240	child	HGSVC3	pbmm2_t2t_hifi	essential	37375800		https://ftp.1000genomes.ebi.ac.uk/vol1/ftp/data_collections/HGSVC3/working/20250307_Alignments_HiFi_T2T/NA19240_20250307_Alignments_HiFi_T2T.bam.bai	data/r2_NA19240/NA19240/NA19240_20250307_Alignments_HiFi_T2T.bam.bai
r3_HG00733	3	HG00731	father	HGSVC3	pbmm2_t2t_hifi	essential	169137759267		https://ftp.1000genomes.ebi.ac.uk/vol1/ftp/data_collections/HGSVC3/working/20250307_Alignments_HiFi_T2T/HG00731_20250307_Alignments_HiFi_T2T.bam	data/r3_HG00733/HG00731/HG00731_20250307_Alignments_HiFi_T2T.bam
r3_HG00733	3	HG00731	father	HGSVC3	pbmm2_t2t_hifi	essential	41435784		https://ftp.1000genomes.ebi.ac.uk/vol1/ftp/data_collections/HGSVC3/working/20250307_Alignments_HiFi_T2T/HG00731_20250307_Alignments_HiFi_T2T.bam.bai	data/r3_HG00733/HG00731/HG00731_20250307_Alignments_HiFi_T2T.bam.bai
r3_HG00733	3	HG00732	mother	HGSVC3	pbmm2_t2t_hifi	essential	187769923015		https://ftp.1000genomes.ebi.ac.uk/vol1/ftp/data_collections/HGSVC3/working/20250307_Alignments_HiFi_T2T/HG00732_20250307_Alignments_HiFi_T2T.bam	data/r3_HG00733/HG00732/HG00732_20250307_Alignments_HiFi_T2T.bam
r3_HG00733	3	HG00732	mother	HGSVC3	pbmm2_t2t_hifi	essential	46929712		https://ftp.1000genomes.ebi.ac.uk/vol1/ftp/data_collections/HGSVC3/working/20250307_Alignments_HiFi_T2T/HG00732_20250307_Alignments_HiFi_T2T.bam.bai	data/r3_HG00733/HG00732/HG00732_20250307_Alignments_HiFi_T2T.bam.bai
r3_HG00733	3	HG00733	child	HGSVC3	pbmm2_t2t_hifi	essential	856523820598		https://ftp.1000genomes.ebi.ac.uk/vol1/ftp/data_collections/HGSVC3/working/20250307_Alignments_HiFi_T2T/HG00733_20250307_Alignments_HiFi_T2T.bam	data/r3_HG00733/HG00733/HG00733_20250307_Alignments_HiFi_T2T.bam
r3_HG00733	3	HG00733	child	HGSVC3	pbmm2_t2t_hifi	essential	47863904		https://ftp.1000genomes.ebi.ac.uk/vol1/ftp/data_collections/HGSVC3/working/20250307_Alignments_HiFi_T2T/HG00733_20250307_Alignments_HiFi_T2T.bam.bai	data/r3_HG00733/HG00733/HG00733_20250307_Alignments_HiFi_T2T.bam.bai
r5_HG00706	5	HG00704	father	LRSC500	minimap2_hg38_phased	essential	97258471617		https://s3.amazonaws.com/1000g-ont/PROCESSED_DATA/ALIGNED_TO_HG38/MINIMAP2_ALIGNED_BAMS/HG00704-ONT-hg38-R10-LSK114-dorado082_sup_5mCG_5hmCG_v500.phased.bam	data/r5_HG00706/HG00704/HG00704-ONT-hg38-R10-LSK114-dorado082_sup_5mCG_5hmCG_v500.phased.bam
r5_HG00706	5	HG00704	father	LRSC500	minimap2_hg38_phased	essential	49871944		https://s3.amazonaws.com/1000g-ont/PROCESSED_DATA/ALIGNED_TO_HG38/MINIMAP2_ALIGNED_BAMS/HG00704-ONT-hg38-R10-LSK114-dorado082_sup_5mCG_5hmCG_v500.phased.bam.bai	data/r5_HG00706/HG00704/HG00704-ONT-hg38-R10-LSK114-dorado082_sup_5mCG_5hmCG_v500.phased.bam.bai
r5_HG00706	5	HG00705	mother	LRSC500	minimap2_hg38_phased	essential	114333526687		https://s3.amazonaws.com/1000g-ont/PROCESSED_DATA/ALIGNED_TO_HG38/MINIMAP2_ALIGNED_BAMS/HG00705-ONT-hg38-R9-LSK110-guppy-sup-5hmc_5mc_cg.phased.bam	data/r5_HG00706/HG00705/HG00705-ONT-hg38-R9-LSK110-guppy-sup-5hmc_5mc_cg.phased.bam
r5_HG00706	5	HG00705	mother	LRSC500	minimap2_hg38_phased	essential	50944928		https://s3.amazonaws.com/1000g-ont/PROCESSED_DATA/ALIGNED_TO_HG38/MINIMAP2_ALIGNED_BAMS/HG00705-ONT-hg38-R9-LSK110-guppy-sup-5hmc_5mc_cg.phased.bam.bai	data/r5_HG00706/HG00705/HG00705-ONT-hg38-R9-LSK110-guppy-sup-5hmc_5mc_cg.phased.bam.bai
r5_HG00706	5	HG00706	child	LRSC500	minimap2_hg38_phased	essential	109917568967		https://s3.amazonaws.com/1000g-ont/PROCESSED_DATA/ALIGNED_TO_HG38/MINIMAP2_ALIGNED_BAMS/HG00706-ONT-hg38-R9-LSK110-guppy-sup-5mC.phased.bam	data/r5_HG00706/HG00706/HG00706-ONT-hg38-R9-LSK110-guppy-sup-5mC.phased.bam
r5_HG00706	5	HG00706	child	LRSC500	minimap2_hg38_phased	essential	52576704		https://s3.amazonaws.com/1000g-ont/PROCESSED_DATA/ALIGNED_TO_HG38/MINIMAP2_ALIGNED_BAMS/HG00706-ONT-hg38-R9-LSK110-guppy-sup-5mC.phased.bam.bai	data/r5_HG00706/HG00706/HG00706-ONT-hg38-R9-LSK110-guppy-sup-5mC.phased.bam.bai
r6_HG02024	6	HG02024	child	LRSC500	minimap2_hg38_phased	essential	122792407924		https://s3.amazonaws.com/1000g-ont/PROCESSED_DATA/ALIGNED_TO_HG38/MINIMAP2_ALIGNED_BAMS/HG02024-ONT-hg38-R10-LSK114-dorado090_sup_5mCG_5hmCG_v500.phased.bam	data/r6_HG02024/HG02024/HG02024-ONT-hg38-R10-LSK114-dorado090_sup_5mCG_5hmCG_v500.phased.bam
r6_HG02024	6	HG02024	child	LRSC500	minimap2_hg38_phased	essential	60356400		https://s3.amazonaws.com/1000g-ont/PROCESSED_DATA/ALIGNED_TO_HG38/MINIMAP2_ALIGNED_BAMS/HG02024-ONT-hg38-R10-LSK114-dorado090_sup_5mCG_5hmCG_v500.phased.bam.bai	data/r6_HG02024/HG02024/HG02024-ONT-hg38-R10-LSK114-dorado090_sup_5mCG_5hmCG_v500.phased.bam.bai
r6_HG02024	6	HG02025	mother	LRSC500	minimap2_hg38_phased	essential	108883670224		https://s3.amazonaws.com/1000g-ont/PROCESSED_DATA/ALIGNED_TO_HG38/MINIMAP2_ALIGNED_BAMS/HG02025-ONT-hg38-R10-LSK114-dorado090_sup_5mCG_5hmCG_v500.phased.bam	data/r6_HG02024/HG02025/HG02025-ONT-hg38-R10-LSK114-dorado090_sup_5mCG_5hmCG_v500.phased.bam
r6_HG02024	6	HG02025	mother	LRSC500	minimap2_hg38_phased	essential	51906408		https://s3.amazonaws.com/1000g-ont/PROCESSED_DATA/ALIGNED_TO_HG38/MINIMAP2_ALIGNED_BAMS/HG02025-ONT-hg38-R10-LSK114-dorado090_sup_5mCG_5hmCG_v500.phased.bam.bai	data/r6_HG02024/HG02025/HG02025-ONT-hg38-R10-LSK114-dorado090_sup_5mCG_5hmCG_v500.phased.bam.bai
r6_HG02024	6	HG02026	father	LRSC500	minimap2_hg38_phased	essential	90640264157		https://s3.amazonaws.com/1000g-ont/PROCESSED_DATA/ALIGNED_TO_HG38/MINIMAP2_ALIGNED_BAMS/HG02026-ONT-hg38-R10-LSK114-dorado090_sup_5mCG_5hmCG_v500.phased.bam	data/r6_HG02024/HG02026/HG02026-ONT-hg38-R10-LSK114-dorado090_sup_5mCG_5hmCG_v500.phased.bam
r6_HG02024	6	HG02026	father	LRSC500	minimap2_hg38_phased	essential	44008616		https://s3.amazonaws.com/1000g-ont/PROCESSED_DATA/ALIGNED_TO_HG38/MINIMAP2_ALIGNED_BAMS/HG02026-ONT-hg38-R10-LSK114-dorado090_sup_5mCG_5hmCG_v500.phased.bam.bai	data/r6_HG02024/HG02026/HG02026-ONT-hg38-R10-LSK114-dorado090_sup_5mCG_5hmCG_v500.phased.bam.bai
r7_HG02615	7	HG02613	father	LRSC500	minimap2_hg38_phased	essential	87636084940		https://s3.amazonaws.com/1000g-ont/PROCESSED_DATA/ALIGNED_TO_HG38/MINIMAP2_ALIGNED_BAMS/HG02613-ONT-hg38-R9-LSK110-dorado050_sup_5mCG_v33.phased.bam	data/r7_HG02615/HG02613/HG02613-ONT-hg38-R9-LSK110-dorado050_sup_5mCG_v33.phased.bam
r7_HG02615	7	HG02613	father	LRSC500	minimap2_hg38_phased	essential	42099952		https://s3.amazonaws.com/1000g-ont/PROCESSED_DATA/ALIGNED_TO_HG38/MINIMAP2_ALIGNED_BAMS/HG02613-ONT-hg38-R9-LSK110-dorado050_sup_5mCG_v33.phased.bam.bai	data/r7_HG02615/HG02613/HG02613-ONT-hg38-R9-LSK110-dorado050_sup_5mCG_v33.phased.bam.bai
r7_HG02615	7	HG02614	mother	LRSC500	minimap2_hg38_phased	essential	99035960907		https://s3.amazonaws.com/1000g-ont/PROCESSED_DATA/ALIGNED_TO_HG38/MINIMAP2_ALIGNED_BAMS/HG02614-ONT-hg38-R9-LSK110-guppy-sup-5hmc_5mc_cg.phased.bam	data/r7_HG02615/HG02614/HG02614-ONT-hg38-R9-LSK110-guppy-sup-5hmc_5mc_cg.phased.bam
r7_HG02615	7	HG02614	mother	LRSC500	minimap2_hg38_phased	essential	41698960		https://s3.amazonaws.com/1000g-ont/PROCESSED_DATA/ALIGNED_TO_HG38/MINIMAP2_ALIGNED_BAMS/HG02614-ONT-hg38-R9-LSK110-guppy-sup-5hmc_5mc_cg.phased.bam.bai	data/r7_HG02615/HG02614/HG02614-ONT-hg38-R9-LSK110-guppy-sup-5hmc_5mc_cg.phased.bam.bai
r7_HG02615	7	HG02615	child	LRSC500	minimap2_hg38_phased	essential	93541409805		https://s3.amazonaws.com/1000g-ont/PROCESSED_DATA/ALIGNED_TO_HG38/MINIMAP2_ALIGNED_BAMS/HG02615-ONT-hg38-R9-LSK110-guppy-sup-5hmc_5mc_cg.phased.bam	data/r7_HG02615/HG02615/HG02615-ONT-hg38-R9-LSK110-guppy-sup-5hmc_5mc_cg.phased.bam
r7_HG02615	7	HG02615	child	LRSC500	minimap2_hg38_phased	essential	41382712		https://s3.amazonaws.com/1000g-ont/PROCESSED_DATA/ALIGNED_TO_HG38/MINIMAP2_ALIGNED_BAMS/HG02615-ONT-hg38-R9-LSK110-guppy-sup-5hmc_5mc_cg.phased.bam.bai	data/r7_HG02615/HG02615/HG02615-ONT-hg38-R9-LSK110-guppy-sup-5hmc_5mc_cg.phased.bam.bai
r4_HG03371	4	HG03369	mother	LRSC500	minimap2_hg38_phased	essential	86764313713		https://s3.amazonaws.com/1000g-ont/PROCESSED_DATA/ALIGNED_TO_HG38/MINIMAP2_ALIGNED_BAMS/HG03369-ONT-hg38-R9-LSK110-guppy657_sup_5mC_5hmC.phased.bam	data/r4_HG03371/HG03369/HG03369-ONT-hg38-R9-LSK110-guppy657_sup_5mC_5hmC.phased.bam
r4_HG03371	4	HG03369	mother	LRSC500	minimap2_hg38_phased	essential	39885184		https://s3.amazonaws.com/1000g-ont/PROCESSED_DATA/ALIGNED_TO_HG38/MINIMAP2_ALIGNED_BAMS/HG03369-ONT-hg38-R9-LSK110-guppy657_sup_5mC_5hmC.phased.bam.bai	data/r4_HG03371/HG03369/HG03369-ONT-hg38-R9-LSK110-guppy657_sup_5mC_5hmC.phased.bam.bai
r4_HG03371	4	HG03370	father	LRSC500	minimap2_hg38_phased	essential	117720631697		https://s3.amazonaws.com/1000g-ont/PROCESSED_DATA/ALIGNED_TO_HG38/MINIMAP2_ALIGNED_BAMS/HG03370-ONT-hg38-R9-LSK110-guppy657_sup_5mC_5hmC.phased.bam	data/r4_HG03371/HG03370/HG03370-ONT-hg38-R9-LSK110-guppy657_sup_5mC_5hmC.phased.bam
r4_HG03371	4	HG03370	father	LRSC500	minimap2_hg38_phased	essential	52710064		https://s3.amazonaws.com/1000g-ont/PROCESSED_DATA/ALIGNED_TO_HG38/MINIMAP2_ALIGNED_BAMS/HG03370-ONT-hg38-R9-LSK110-guppy657_sup_5mC_5hmC.phased.bam.bai	data/r4_HG03371/HG03370/HG03370-ONT-hg38-R9-LSK110-guppy657_sup_5mC_5hmC.phased.bam.bai
r4_HG03371	4	HG03371	child	LRSC500	minimap2_hg38_phased	essential	82975423495		https://s3.amazonaws.com/1000g-ont/PROCESSED_DATA/ALIGNED_TO_HG38/MINIMAP2_ALIGNED_BAMS/HG03371-ONT-hg38-R9-LSK110-guppy657_sup_with5mC_5hmC.phased.bam	data/r4_HG03371/HG03371/HG03371-ONT-hg38-R9-LSK110-guppy657_sup_with5mC_5hmC.phased.bam
r4_HG03371	4	HG03371	child	LRSC500	minimap2_hg38_phased	essential	37665168		https://s3.amazonaws.com/1000g-ont/PROCESSED_DATA/ALIGNED_TO_HG38/MINIMAP2_ALIGNED_BAMS/HG03371-ONT-hg38-R9-LSK110-guppy657_sup_with5mC_5hmC.phased.bam.bai	data/r4_HG03371/HG03371/HG03371-ONT-hg38-R9-LSK110-guppy657_sup_with5mC_5hmC.phased.bam.bai
r8_NA12878	8	NA12891	father	Vienna	minimap2_hg38_cram	essential	5469844931	c75ae5e420e0a9948ba01c40957295b6	https://ftp.1000genomes.ebi.ac.uk/vol1/ftp/data_collections/1KG_ONT_VIENNA/hg38/NA12891.hg38.cram	data/r8_NA12878/NA12891/NA12891.hg38.cram
r8_NA12878	8	NA12891	father	Vienna	minimap2_hg38_cram	essential	195857	c4277eb596a048f3264d961bab648af0	https://ftp.1000genomes.ebi.ac.uk/vol1/ftp/data_collections/1KG_ONT_VIENNA/hg38/NA12891.hg38.cram.crai	data/r8_NA12878/NA12891/NA12891.hg38.cram.crai
r8_NA12878	8	NA12892	mother	Vienna	minimap2_hg38_cram	essential	11339835493	37162587b2df94186bd250f7816575b8	https://ftp.1000genomes.ebi.ac.uk/vol1/ftp/data_collections/1KG_ONT_VIENNA/hg38/NA12892.hg38.cram	data/r8_NA12878/NA12892/NA12892.hg38.cram
r8_NA12878	8	NA12892	mother	Vienna	minimap2_hg38_cram	essential	371424	3960eec9a63d7a94eea3e32184f1bed3	https://ftp.1000genomes.ebi.ac.uk/vol1/ftp/data_collections/1KG_ONT_VIENNA/hg38/NA12892.hg38.cram.crai	data/r8_NA12878/NA12892/NA12892.hg38.cram.crai
r8_NA12878	8	NA12878	child	Vienna	minimap2_hg38_cram	essential	5461092257		https://ftp.1000genomes.ebi.ac.uk/vol1/ftp/data_collections/1KG_ONT_VIENNA/hg38/NA12878.hg38.cram	data/r8_NA12878/NA12878/NA12878.hg38.cram
r8_NA12878	8	NA12878	child	Vienna	minimap2_hg38_cram	essential	201392		https://ftp.1000genomes.ebi.ac.uk/vol1/ftp/data_collections/1KG_ONT_VIENNA/hg38/NA12878.hg38.cram.crai	data/r8_NA12878/NA12878/NA12878.hg38.cram.crai
r9_NA12877	9	NA12889	father	Vienna	minimap2_hg38_cram	essential	5734666811	01e5cfdaec3b763157476a8164264360	https://ftp.1000genomes.ebi.ac.uk/vol1/ftp/data_collections/1KG_ONT_VIENNA/hg38/NA12889.hg38.cram	data/r9_NA12877/NA12889/NA12889.hg38.cram
r9_NA12877	9	NA12889	father	Vienna	minimap2_hg38_cram	essential	205129	53ace58ad890d41dfa56a2bf3b2df8f0	https://ftp.1000genomes.ebi.ac.uk/vol1/ftp/data_collections/1KG_ONT_VIENNA/hg38/NA12889.hg38.cram.crai	data/r9_NA12877/NA12889/NA12889.hg38.cram.crai
r9_NA12877	9	NA12890	mother	Vienna	minimap2_hg38_cram	essential	7411719976	5ce6c889e99b7b77bb92e39245683294	https://ftp.1000genomes.ebi.ac.uk/vol1/ftp/data_collections/1KG_ONT_VIENNA/hg38/NA12890.hg38.cram	data/r9_NA12877/NA12890/NA12890.hg38.cram
r9_NA12877	9	NA12890	mother	Vienna	minimap2_hg38_cram	essential	285264	ca0bb798320bafd03507056d96670273	https://ftp.1000genomes.ebi.ac.uk/vol1/ftp/data_collections/1KG_ONT_VIENNA/hg38/NA12890.hg38.cram.crai	data/r9_NA12877/NA12890/NA12890.hg38.cram.crai
r9_NA12877	9	NA12877	child	Vienna	minimap2_hg38_cram	essential	6684953779		https://ftp.1000genomes.ebi.ac.uk/vol1/ftp/data_collections/1KG_ONT_VIENNA/hg38/NA12877.hg38.cram	data/r9_NA12877/NA12877/NA12877.hg38.cram
r9_NA12877	9	NA12877	child	Vienna	minimap2_hg38_cram	essential	197052		https://ftp.1000genomes.ebi.ac.uk/vol1/ftp/data_collections/1KG_ONT_VIENNA/hg38/NA12877.hg38.cram.crai	data/r9_NA12877/NA12877/NA12877.hg38.cram.crai
r10_NA19129	10	NA19128	father	Vienna	minimap2_hg38_cram	essential	3422887392	955b299b688702c9458151843c87b41d	https://ftp.1000genomes.ebi.ac.uk/vol1/ftp/data_collections/1KG_ONT_VIENNA/hg38/NA19128.hg38.cram	data/r10_NA19129/NA19128/NA19128.hg38.cram
r10_NA19129	10	NA19128	father	Vienna	minimap2_hg38_cram	essential	130199	a12cd51e6ee6dc9182b34e56627f462e	https://ftp.1000genomes.ebi.ac.uk/vol1/ftp/data_collections/1KG_ONT_VIENNA/hg38/NA19128.hg38.cram.crai	data/r10_NA19129/NA19128/NA19128.hg38.cram.crai
r10_NA19129	10	NA19127	mother	Vienna	minimap2_hg38_cram	essential	4613286478	0e8bcefe42598b322b12c78b2bd31c7d	https://ftp.1000genomes.ebi.ac.uk/vol1/ftp/data_collections/1KG_ONT_VIENNA/hg38/NA19127.hg38.cram	data/r10_NA19129/NA19127/NA19127.hg38.cram
r10_NA19129	10	NA19127	mother	Vienna	minimap2_hg38_cram	essential	161301	3bdf1532fb0c5885bc852a8d9e094adf	https://ftp.1000genomes.ebi.ac.uk/vol1/ftp/data_collections/1KG_ONT_VIENNA/hg38/NA19127.hg38.cram.crai	data/r10_NA19129/NA19127/NA19127.hg38.cram.crai
r10_NA19129	10	NA19129	child	Vienna	minimap2_hg38_cram	essential	7080697813		https://ftp.1000genomes.ebi.ac.uk/vol1/ftp/data_collections/1KG_ONT_VIENNA/hg38/NA19129.hg38.cram	data/r10_NA19129/NA19129/NA19129.hg38.cram
r10_NA19129	10	NA19129	child	Vienna	minimap2_hg38_cram	essential	275715		https://ftp.1000genomes.ebi.ac.uk/vol1/ftp/data_collections/1KG_ONT_VIENNA/hg38/NA19129.hg38.cram.crai	data/r10_NA19129/NA19129/NA19129.hg38.cram.crai
r11_HG01258	11	HG01256	father	Vienna	minimap2_hg38_cram	essential	7428575094	11373a06e76502e9b8fab6a936a98815	https://ftp.1000genomes.ebi.ac.uk/vol1/ftp/data_collections/1KG_ONT_VIENNA/hg38/HG01256.hg38.cram	data/r11_HG01258/HG01256/HG01256.hg38.cram
r11_HG01258	11	HG01256	father	Vienna	minimap2_hg38_cram	essential	297398	a764e9b616cf2a9631df009e2c7c58d4	https://ftp.1000genomes.ebi.ac.uk/vol1/ftp/data_collections/1KG_ONT_VIENNA/hg38/HG01256.hg38.cram.crai	data/r11_HG01258/HG01256/HG01256.hg38.cram.crai
r11_HG01258	11	HG01257	mother	Vienna	minimap2_hg38_cram	essential	5561117438	47347e01436796d5e9599bf0621efec0	https://ftp.1000genomes.ebi.ac.uk/vol1/ftp/data_collections/1KG_ONT_VIENNA/hg38/HG01257.hg38.cram	data/r11_HG01258/HG01257/HG01257.hg38.cram
r11_HG01258	11	HG01257	mother	Vienna	minimap2_hg38_cram	essential	193331	f9b8004c33a746bbec649fc370a7dff4	https://ftp.1000genomes.ebi.ac.uk/vol1/ftp/data_collections/1KG_ONT_VIENNA/hg38/HG01257.hg38.cram.crai	data/r11_HG01258/HG01257/HG01257.hg38.cram.crai
r11_HG01258	11	HG01258	child	Vienna	minimap2_hg38_cram	essential	4513137928	eacd3f82168e5225d88260328503ff59	https://ftp.1000genomes.ebi.ac.uk/vol1/ftp/data_collections/1KG_ONT_VIENNA/hg38/HG01258.hg38.cram	data/r11_HG01258/HG01258/HG01258.hg38.cram
r11_HG01258	11	HG01258	child	Vienna	minimap2_hg38_cram	essential	184844	e192cc69873956795de2ba2238a6bb9e	https://ftp.1000genomes.ebi.ac.uk/vol1/ftp/data_collections/1KG_ONT_VIENNA/hg38/HG01258.hg38.cram.crai	data/r11_HG01258/HG01258/HG01258.hg38.cram.crai
r12_NA19828	12	NA19818	father	Vienna	minimap2_hg38_cram	essential	4641315531	5ac678155d6bdb2286d64a8d8c0d0479	https://ftp.1000genomes.ebi.ac.uk/vol1/ftp/data_collections/1KG_ONT_VIENNA/hg38/NA19818.hg38.cram	data/r12_NA19828/NA19818/NA19818.hg38.cram
r12_NA19828	12	NA19818	father	Vienna	minimap2_hg38_cram	essential	154495	3e4953bec2871690f58f796a2f9a3cb4	https://ftp.1000genomes.ebi.ac.uk/vol1/ftp/data_collections/1KG_ONT_VIENNA/hg38/NA19818.hg38.cram.crai	data/r12_NA19828/NA19818/NA19818.hg38.cram.crai
r12_NA19828	12	NA19819	mother	Vienna	minimap2_hg38_cram	essential	6513655564	bd39cb224ac35aa3684ea2152921d59b	https://ftp.1000genomes.ebi.ac.uk/vol1/ftp/data_collections/1KG_ONT_VIENNA/hg38/NA19819.hg38.cram	data/r12_NA19828/NA19819/NA19819.hg38.cram
r12_NA19828	12	NA19819	mother	Vienna	minimap2_hg38_cram	essential	200295	d5ed0c246fcaf14e0603f062a7857564	https://ftp.1000genomes.ebi.ac.uk/vol1/ftp/data_collections/1KG_ONT_VIENNA/hg38/NA19819.hg38.cram.crai	data/r12_NA19828/NA19819/NA19819.hg38.cram.crai
r12_NA19828	12	NA19828	child	Vienna	minimap2_hg38_cram	essential	5168305122		https://ftp.1000genomes.ebi.ac.uk/vol1/ftp/data_collections/1KG_ONT_VIENNA/hg38/NA19828.hg38.cram	data/r12_NA19828/NA19828/NA19828.hg38.cram
r12_NA19828	12	NA19828	child	Vienna	minimap2_hg38_cram	essential	178846		https://ftp.1000genomes.ebi.ac.uk/vol1/ftp/data_collections/1KG_ONT_VIENNA/hg38/NA19828.hg38.cram.crai	data/r12_NA19828/NA19828/NA19828.hg38.cram.crai
r13_HG00420	13	HG00418	father	Vienna	minimap2_hg38_cram	essential	5254097246	d94c5a0166488f2255d6ef056495f1f2	https://ftp.1000genomes.ebi.ac.uk/vol1/ftp/data_collections/1KG_ONT_VIENNA/hg38/HG00418.hg38.cram	data/r13_HG00420/HG00418/HG00418.hg38.cram
r13_HG00420	13	HG00418	father	Vienna	minimap2_hg38_cram	essential	216233	762fa11e5fcf81c49736c8778806f50e	https://ftp.1000genomes.ebi.ac.uk/vol1/ftp/data_collections/1KG_ONT_VIENNA/hg38/HG00418.hg38.cram.crai	data/r13_HG00420/HG00418/HG00418.hg38.cram.crai
r13_HG00420	13	HG00419	mother	Vienna	minimap2_hg38_cram	essential	6279447349	731ff641237632401becd75ca6668ffd	https://ftp.1000genomes.ebi.ac.uk/vol1/ftp/data_collections/1KG_ONT_VIENNA/hg38/HG00419.hg38.cram	data/r13_HG00420/HG00419/HG00419.hg38.cram
r13_HG00420	13	HG00419	mother	Vienna	minimap2_hg38_cram	essential	222235	c4279c192710ea2a71fdbe40f6922465	https://ftp.1000genomes.ebi.ac.uk/vol1/ftp/data_collections/1KG_ONT_VIENNA/hg38/HG00419.hg38.cram.crai	data/r13_HG00420/HG00419/HG00419.hg38.cram.crai
r13_HG00420	13	HG00420	child	Vienna	minimap2_hg38_cram	essential	5836196438		https://ftp.1000genomes.ebi.ac.uk/vol1/ftp/data_collections/1KG_ONT_VIENNA/hg38/HG00420.hg38.cram	data/r13_HG00420/HG00420/HG00420.hg38.cram
r13_HG00420	13	HG00420	child	Vienna	minimap2_hg38_cram	essential	171542		https://ftp.1000genomes.ebi.ac.uk/vol1/ftp/data_collections/1KG_ONT_VIENNA/hg38/HG00420.hg38.cram.crai	data/r13_HG00420/HG00420/HG00420.hg38.cram.crai
