family_id	child_id	mother_id	father_id	population	superpopulation	element	chrom	position_1based	strand	consensus_position_1based	consensus_base	reference_base	child_candidate_base	direction	child_candidate_base_alu_orientation	strict_read_support	child_candidate_reads	child_candidate_fraction	parent_candidate_reads	child_forward_reads	child_reverse_reads	child_median_mapq	child_median_baseq	child_median_read_edge_distance	father_depth	mother_depth	child_depth	father_counts	mother_counts	child_counts	alignment_identity	alignment_coverage	assembly	tier	recurrence_key	family_complete	read_review_state	technical_interpretation	biological_interpretation	source_candidate_file
1341	NA07048	NA07055	NA07034	CEU	EUR	chr1:12838206-12838475:+:12	chr1	12838337	+	173	T	T	G	away_from_consensus	G	True	16	0.5517241379310345	0	7	9	40.0	30.0	39.0	29	21	29	A:0,C:0,G:0,T:29	A:0,C:0,G:0,T:21	A:0,C:0,G:16,T:13	0.9832635983263598	0.8505338078291815	GRCh38DH	primary	GRCh38DH|chr1|chr1:12838206-12838475:+:12|12838337|G	True	not_reviewed	not_assessed	not_validated	pilot_chr01to03\1341\chr1\primary_v01\child_only_candidates_v01.tsv
1341	NA07048	NA07055	NA07034	CEU	EUR	chr1:204181985-204182322:-:269	chr1	204182173	-	150	C	G	A	away_from_consensus	T	True	15	0.4411764705882353	0	9	6	40	30	32	39	38	34	A:0,C:0,G:39,T:0	A:0,C:0,G:38,T:0	A:15,C:0,G:19,T:0	0.9928825622775801	1.0	GRCh38DH	primary	GRCh38DH|chr1|chr1:204181985-204182322:-:269|204182173|A	True	not_reviewed	not_assessed	not_validated	pilot_chr01to03\1341\chr1\primary_v01\child_only_candidates_v01.tsv
PEL019	HG01952	HG01951	HG01950	PEL	AMR	chr2:193744630-193744939:+:282	chr2	193744770	+	139	G	G	A	away_from_consensus	A	True	11	0.3333333333333333	0	4	7	40	30	17	18	23	33	A:0,C:0,G:18,T:0	A:0,C:0,G:23,T:0	A:11,C:0,G:22,T:0	0.9893238434163701	1.0	GRCh38DH	primary	GRCh38DH|chr2|chr2:193744630-193744939:+:282|193744770|A	True	not_reviewed	not_assessed	not_validated	pilot_chr01to03\PEL019\chr2\primary_child_only_candidates_v01.tsv
PK06	HG02492	HG02491	HG02490	PJL	SAS	chr2:66634420-66634752:+:98	chr2	66634680	+	260	C	C	T	away_from_consensus	T	False	6	0.42857142857142855	0	5	1	38.0	30.0	37.5	14	13	14	A:0,C:14,G:0,T:0	A:0,C:13,G:0,T:0	A:0,C:8,G:0,T:6	0.9857651245551602	1.0	GRCh38DH	primary	GRCh38DH|chr2|chr2:66634420-66634752:+:98|66634680|T	True	not_reviewed	not_assessed	not_validated	pilot_chr02\PK06\chr2\primary_child_only_candidates_v01.tsv
PK06	HG02492	HG02491	HG02490	PJL	SAS	chr2:80945251-80945567:-:117	chr2	80945285	-	281	C	G	T	away_from_consensus	A	False	5	0.25	0	4	1	60	30	40	26	16	20	A:0,C:0,G:26,T:0	A:0,C:0,G:16,T:0	A:0,C:0,G:15,T:5	1.0	1.0	GRCh38DH	primary	GRCh38DH|chr2|chr2:80945251-80945567:-:117|80945285|T	True	not_reviewed	not_assessed	not_validated	pilot_chr02\PK06\chr2\primary_child_only_candidates_v01.tsv
PK06	HG02492	HG02491	HG02490	PJL	SAS	chr3:156164995-156165305:+:188	chr3	156165277	+	281	C	C	A	away_from_consensus	A	False	5	0.2777777777777778	0	0	5	60	30	48	24	26	18	A:0,C:24,G:0,T:0	A:0,C:26,G:0,T:0	A:5,C:13,G:0,T:0	0.99644128113879	1.0	GRCh38DH	primary	GRCh38DH|chr3|chr3:156164995-156165305:+:188|156165277|A	True	not_reviewed	not_assessed	not_validated	pilot_chr03\PK06\chr3\primary_child_only_candidates_v01.tsv
PK16	HG02683	HG02682	HG02681	PJL	SAS	chr5:85403270-85403575:+:118	chr5	85403539	+	269	G	G	A	away_from_consensus	A	True	9	0.47368421052631576	0	4	5	40	30	25	17	21	19	A:0,C:0,G:17,T:0	A:0,C:0,G:21,T:0	A:9,C:0,G:10,T:0	0.9893238434163701	1.0	GRCh38DH	primary	GRCh38DH|chr5|chr5:85403270-85403575:+:118|85403539|A	True	not_reviewed	not_assessed	not_validated	pilot_chr05\PK16\chr5\primary_child_only_candidates_v01.tsv
PR04	HG00642	HG00641	HG00640	PUR	AMR	chr4:77421355-77421657:+:79	chr4	77421636	+	281	C	C	A	away_from_consensus	A	False	6	0.375	0	0	6	60.0	30.0	41.5	19	15	16	A:0,C:19,G:0,T:0	A:0,C:15,G:0,T:0	A:6,C:10,G:0,T:0	1.0	1.0	GRCh38DH	primary	GRCh38DH|chr4|chr4:77421355-77421657:+:79|77421636|A	True	audit_present	not_assessed	not_validated	pilot_chr22\PR04\chr4\primary_v01\child_only_candidates_v01.tsv
PR04	HG00642	HG00641	HG00640	PUR	AMR	chr11:125871008-125871308:+:162	chr11	125871106	+	98	C	C	T	away_from_consensus	T	True	6	0.2857142857142857	0	4	2	40.0	30.0	25.5	26	19	21	A:0,C:26,G:0,T:0	A:0,C:19,G:0,T:0	A:0,C:15,G:0,T:6	0.99644128113879	1.0	GRCh38DH	primary	GRCh38DH|chr11|chr11:125871008-125871308:+:162|125871106|T	True	audit_present	not_assessed	not_validated	pilot_chr22\PR04\chr11\primary_v01\child_only_candidates_v01.tsv
PR26	HG01087	HG01086	HG01085	PUR	AMR	chr1:80653489-80653784:-:98	chr1	80653584	-	203	A	T	C	away_from_consensus	G	True	9	0.28125	0	4	5	59	30	52	26	23	32	A:0,C:0,G:0,T:26	A:0,C:0,G:0,T:23	A:0,C:9,G:0,T:23	0.982078853046595	0.9928825622775801	GRCh38DH	primary	GRCh38DH|chr1|chr1:80653489-80653784:-:98|80653584|C	True	not_reviewed	not_assessed	not_validated	pilot_chr01\PR26\chr1\primary_child_only_candidates_v01.tsv
PR26	HG01087	HG01086	HG01085	PUR	AMR	chr1:209261172-209261477:+:279	chr1	209261370	+	199	G	G	A	away_from_consensus	A	True	8	0.36363636363636365	0	4	4	40.0	30.0	47.5	25	29	22	A:0,C:0,G:25,T:0	A:0,C:0,G:29,T:0	A:8,C:0,G:14,T:0	0.9821428571428571	0.99644128113879	GRCh38DH	primary	GRCh38DH|chr1|chr1:209261172-209261477:+:279|209261370|A	True	not_reviewed	not_assessed	not_validated	pilot_chr01\PR26\chr1\primary_child_only_candidates_v01.tsv
PR26	HG01087	HG01086	HG01085	PUR	AMR	chr5:51263989-51264294:+:60	chr5	51264043	+	54	G	G	A	away_from_consensus	A	True	18	0.4864864864864865	0	10	8	60.0	30.0	47.5	38	30	37	A:0,C:0,G:38,T:0	A:0,C:0,G:30,T:0	A:18,C:0,G:19,T:0	0.9857651245551602	1.0	GRCh38DH	primary	GRCh38DH|chr5|chr5:51263989-51264294:+:60|51264043|A	True	audit_present	not_assessed	not_validated	pilot_chr05\PR26\chr5\primary_child_only_candidates_v01.tsv
PR26	HG01087	HG01086	HG01085	PUR	AMR	chr14:87089557-87089868:+:92	chr14	87089686	+	129	A	A	G	away_from_consensus	G	True	10	0.45454545454545453	0	7	3	40.0	30.0	30.5	23	28	22	A:23,C:0,G:0,T:0	A:28,C:0,G:0,T:0	A:12,C:0,G:10,T:0	0.9893238434163701	1.0	GRCh38DH	primary	GRCh38DH|chr14|chr14:87089557-87089868:+:92|87089686|G	True	not_reviewed	not_assessed	not_validated	pilot_chr13to15\PR26\chr14\primary_child_only_candidates_v01.tsv
SH028	HG00502	HG00501	HG00500	CHS	EAS	chr5:113491838-113492146:+:149	chr5	113492119	+	281	C	C	A	away_from_consensus	A	False	5	0.2631578947368421	0	0	5	60	30	57	23	13	19	A:0,C:23,G:0,T:0	A:0,C:13,G:0,T:0	A:5,C:14,G:0,T:0	0.99644128113879	1.0	GRCh38DH	primary	GRCh38DH|chr5|chr5:113491838-113492146:+:149|113492119|A	True	not_reviewed	not_assessed	not_validated	pilot_chr04to06\SH028\chr5\primary_v01\child_only_candidates_v01.tsv
SH028	HG00502	HG00501	HG00500	CHS	EAS	chr9:122516300-122516602:-:150	chr9	122516322	-	281	C	G	T	away_from_consensus	A	False	5	0.2777777777777778	0	4	1	60	30	38	24	14	18	A:0,C:0,G:24,T:0	A:0,C:0,G:14,T:0	A:0,C:0,G:13,T:5	0.9928825622775801	1.0	GRCh38DH	primary	GRCh38DH|chr9|chr9:122516300-122516602:-:150|122516322|T	True	not_reviewed	not_assessed	not_validated	pilot_chr07to09\SH028\chr9\primary_v01\child_only_candidates_v01.tsv
Y028	NA18914	NA18912	NA18913	YRI	AFR	chr20:41008841-41009149:-:51	chr20	41008869	-	281	C	G	T	away_from_consensus	A	True	5	0.2777777777777778	0	3	2	60	30	0	17	20	18	A:0,C:0,G:17,T:0	A:0,C:0,G:20,T:0	A:0,C:0,G:13,T:5	0.9928825622775801	1.0	GRCh38DH	primary	GRCh38DH|chr20|chr20:41008841-41009149:-:51|41008869|T	True	not_reviewed	not_assessed	not_validated	pilot_chr19to21\Y028\chr20\primary_child_only_candidates_v01.tsv
PR26	HG01087	HG01086	HG01085	PUR	AMR	chr5:51263989-51264294:+:60	chr5	51264043	+	54	G	G	A	away_from_consensus	A	True	16	0.5714285714285714	0	8	8	60.0	30.0	40.0	28	21	28	A:0,C:0,G:28,T:0	A:0,C:0,G:21,T:0	A:16,C:0,G:12,T:0	0.9857651245551602	1.0	GRCh38DH	strict_mapq60	GRCh38DH|chr5|chr5:51263989-51264294:+:60|51264043|A	True	audit_present	not_assessed	not_validated	pilot_chr05\PR26\chr5\strict_mapq60_child_only_candidates_v01.tsv
