family_id	child_id	mother_id	father_id	population	superpopulation	chromosome	annotation_elements	accepted_elements	primary_callable_positions	primary_child_supported_alleles	primary_seen_in_parent	primary_npa_leads	primary_strand_strict_leads	mapq60_callable_positions	mapq60_child_supported_alleles	mapq60_seen_in_parent	mapq60_npa_leads	mapq60_strict_survivors	completion_state	biological_interpretation
1341	NA07048	NA07055	NA07034	CEU	EUR	chr1	330	311	71557	246	244	2	2	25552	73	73	0	0	complete_family	not_validated
1341	NA07048	NA07055	NA07034	CEU	EUR	chr2	348	324	76610	289	289	0	0	26635	92	92	0	0	complete_family	none_observed_under_screen
1341	NA07048	NA07055	NA07034	CEU	EUR	chr3	264	253	63737	270	270	0	0	22566	91	91	0	0	complete_family	none_observed_under_screen
1341	NA07048	NA07055	NA07034	CEU	EUR	chr4	257	241	55902	205	205	0	0	19488	69	69	0	0	complete_family	none_observed_under_screen
1341	NA07048	NA07055	NA07034	CEU	EUR	chr5	244	223	49811	160	160	0	0	18003	41	41	0	0	complete_family	none_observed_under_screen
1341	NA07048	NA07055	NA07034	CEU	EUR	chr6	227	222	50133	172	172	0	0	18407	56	56	0	0	complete_family	none_observed_under_screen
1341	NA07048	NA07055	NA07034	CEU	EUR	chr7	223	211	48830	154	154	0	0	17041	60	60	0	0	complete_family	none_observed_under_screen
1341	NA07048	NA07055	NA07034	CEU	EUR	chr8	158	144	33806	84	84	0	0	11571	33	33	0	0	complete_family	none_observed_under_screen
1341	NA07048	NA07055	NA07034	CEU	EUR	chr9	167	160	32802	171	171	0	0	11940	54	54	0	0	complete_family	none_observed_under_screen
1341	NA07048	NA07055	NA07034	CEU	EUR	chr10	155	147	33395	106	106	0	0	11870	39	39	0	0	complete_family	none_observed_under_screen
1341	NA07048	NA07055	NA07034	CEU	EUR	chr11	172	164	40885	140	140	0	0	15196	49	49	0	0	complete_family	none_observed_under_screen
1341	NA07048	NA07055	NA07034	CEU	EUR	chr12	187	173	42937	161	161	0	0	13295	38	38	0	0	complete_family	none_observed_under_screen
1341	NA07048	NA07055	NA07034	CEU	EUR	chr13	163	153	36144	105	105	0	0	11865	46	46	0	0	complete_family	none_observed_under_screen
1341	NA07048	NA07055	NA07034	CEU	EUR	chr14	118	113	27316	87	87	0	0	9413	21	21	0	0	complete_family	none_observed_under_screen
1341	NA07048	NA07055	NA07034	CEU	EUR	chr15	95	89	18891	88	88	0	0	7543	37	37	0	0	complete_family	none_observed_under_screen
1341	NA07048	NA07055	NA07034	CEU	EUR	chr16	106	102	24258	74	74	0	0	8066	26	26	0	0	complete_family	none_observed_under_screen
1341	NA07048	NA07055	NA07034	CEU	EUR	chr17	101	92	22077	52	52	0	0	7568	26	26	0	0	complete_family	none_observed_under_screen
1341	NA07048	NA07055	NA07034	CEU	EUR	chr18	103	96	20375	80	80	0	0	7592	31	31	0	0	complete_family	none_observed_under_screen
1341	NA07048	NA07055	NA07034	CEU	EUR	chr19	108	72	17491	62	62	0	0	5311	26	26	0	0	complete_family	none_observed_under_screen
1341	NA07048	NA07055	NA07034	CEU	EUR	chr20	74	71	16143	52	52	0	0	5699	7	7	0	0	complete_family	none_observed_under_screen
1341	NA07048	NA07055	NA07034	CEU	EUR	chr21	30	30	6209	29	29	0	0	2381	13	13	0	0	complete_family	none_observed_under_screen
1341	NA07048	NA07055	NA07034	CEU	EUR	chr22	31	28	6593	26	26	0	0	2267	10	10	0	0	complete_family	none_observed_under_screen
BB23	HG02280	HG02308	HG02307	ACB	AFR	chr1	330	311	71358	349	349	0	0	25822	128	128	0	0	complete_family	none_observed_under_screen
BB23	HG02280	HG02308	HG02307	ACB	AFR	chr2	348	324	75562	340	340	0	0	26851	118	118	0	0	complete_family	none_observed_under_screen
BB23	HG02280	HG02308	HG02307	ACB	AFR	chr3	264	253	62012	309	309	0	0	22090	130	130	0	0	complete_family	none_observed_under_screen
BB23	HG02280	HG02308	HG02307	ACB	AFR	chr4	257	241	55520	298	298	0	0	18151	102	102	0	0	complete_family	none_observed_under_screen
BB23	HG02280	HG02308	HG02307	ACB	AFR	chr5	244	223	48489	244	244	0	0	17813	82	82	0	0	complete_family	none_observed_under_screen
BB23	HG02280	HG02308	HG02307	ACB	AFR	chr6	227	222	47702	201	201	0	0	17213	74	74	0	0	complete_family	none_observed_under_screen
BB23	HG02280	HG02308	HG02307	ACB	AFR	chr7	223	211	45445	212	212	0	0	16231	66	66	0	0	complete_family	none_observed_under_screen
BB23	HG02280	HG02308	HG02307	ACB	AFR	chr8	158	144	32287	148	148	0	0	11521	51	51	0	0	complete_family	none_observed_under_screen
BB23	HG02280	HG02308	HG02307	ACB	AFR	chr9	167	160	31982	215	215	0	0	11641	73	73	0	0	complete_family	none_observed_under_screen
BB23	HG02280	HG02308	HG02307	ACB	AFR	chr10	155	147	32264	168	168	0	0	10925	55	55	0	0	complete_family	none_observed_under_screen
BB23	HG02280	HG02308	HG02307	ACB	AFR	chr11	172	164	40643	191	191	0	0	14881	58	58	0	0	complete_family	none_observed_under_screen
BB23	HG02280	HG02308	HG02307	ACB	AFR	chr12	187	173	42460	170	170	0	0	13203	52	52	0	0	complete_family	none_observed_under_screen
BB23	HG02280	HG02308	HG02307	ACB	AFR	chr13	163	153	34598	109	109	0	0	11709	44	44	0	0	complete_family	none_observed_under_screen
BB23	HG02280	HG02308	HG02307	ACB	AFR	chr14	118	113	25757	120	120	0	0	9203	35	35	0	0	complete_family	none_observed_under_screen
BB23	HG02280	HG02308	HG02307	ACB	AFR	chr15	95	89	19035	104	104	0	0	7902	46	46	0	0	complete_family	none_observed_under_screen
BB23	HG02280	HG02308	HG02307	ACB	AFR	chr16	106	102	22833	84	84	0	0	8169	34	34	0	0	complete_family	none_observed_under_screen
BB23	HG02280	HG02308	HG02307	ACB	AFR	chr17	101	92	21237	95	95	0	0	7778	31	31	0	0	complete_family	none_observed_under_screen
BB23	HG02280	HG02308	HG02307	ACB	AFR	chr18	103	96	21322	166	166	0	0	7304	62	62	0	0	complete_family	none_observed_under_screen
BB23	HG02280	HG02308	HG02307	ACB	AFR	chr19	108	72	16610	54	54	0	0	5344	16	16	0	0	complete_family	none_observed_under_screen
BB23	HG02280	HG02308	HG02307	ACB	AFR	chr20	74	71	15874	91	91	0	0	5476	41	41	0	0	complete_family	none_observed_under_screen
BB23	HG02280	HG02308	HG02307	ACB	AFR	chr21	30	30	6229	31	31	0	0	2035	12	12	0	0	complete_family	none_observed_under_screen
BB23	HG02280	HG02308	HG02307	ACB	AFR	chr22	31	28	6613	38	38	0	0	2147	12	12	0	0	complete_family	none_observed_under_screen
BD28	HG03834	HG03832	HG03833	BEB	SAS	chr1	330	311	71001	261	261	0	0	25037	101	101	0	0	complete_family	none_observed_under_screen
BD28	HG03834	HG03832	HG03833	BEB	SAS	chr2	348	324	76315	281	281	0	0	26734	92	92	0	0	complete_family	none_observed_under_screen
BD28	HG03834	HG03832	HG03833	BEB	SAS	chr3	264	253	63242	251	251	0	0	22271	87	87	0	0	complete_family	none_observed_under_screen
BD28	HG03834	HG03832	HG03833	BEB	SAS	chr4	257	241	54902	166	166	0	0	18187	70	70	0	0	complete_family	none_observed_under_screen
BD28	HG03834	HG03832	HG03833	BEB	SAS	chr5	244	223	51606	147	147	0	0	17843	56	56	0	0	complete_family	none_observed_under_screen
BD28	HG03834	HG03832	HG03833	BEB	SAS	chr6	227	222	47152	221	221	0	0	17428	79	79	0	0	complete_family	none_observed_under_screen
BD28	HG03834	HG03832	HG03833	BEB	SAS	chr7	223	211	46927	141	141	0	0	17098	58	58	0	0	complete_family	none_observed_under_screen
BD28	HG03834	HG03832	HG03833	BEB	SAS	chr8	158	144	33437	99	99	0	0	11904	36	36	0	0	complete_family	none_observed_under_screen
BD28	HG03834	HG03832	HG03833	BEB	SAS	chr9	167	160	32668	167	167	0	0	11311	56	56	0	0	complete_family	none_observed_under_screen
BD28	HG03834	HG03832	HG03833	BEB	SAS	chr10	155	147	32798	156	156	0	0	10949	40	40	0	0	complete_family	none_observed_under_screen
BD28	HG03834	HG03832	HG03833	BEB	SAS	chr11	172	164	41342	144	144	0	0	15499	44	44	0	0	complete_family	none_observed_under_screen
BD28	HG03834	HG03832	HG03833	BEB	SAS	chr12	187	173	42428	127	127	0	0	13028	24	24	0	0	complete_family	none_observed_under_screen
BD28	HG03834	HG03832	HG03833	BEB	SAS	chr13	163	153	35952	110	110	0	0	12218	42	42	0	0	complete_family	none_observed_under_screen
BD28	HG03834	HG03832	HG03833	BEB	SAS	chr14	118	113	26413	109	109	0	0	9479	43	43	0	0	complete_family	none_observed_under_screen
BD28	HG03834	HG03832	HG03833	BEB	SAS	chr15	95	89	19355	108	108	0	0	7944	38	38	0	0	complete_family	none_observed_under_screen
BD28	HG03834	HG03832	HG03833	BEB	SAS	chr16	106	102	23530	83	83	0	0	8065	23	23	0	0	complete_family	none_observed_under_screen
BD28	HG03834	HG03832	HG03833	BEB	SAS	chr17	101	92	21827	49	49	0	0	7723	20	20	0	0	complete_family	none_observed_under_screen
BD28	HG03834	HG03832	HG03833	BEB	SAS	chr18	103	96	20801	93	93	0	0	7177	28	28	0	0	complete_family	none_observed_under_screen
BD28	HG03834	HG03832	HG03833	BEB	SAS	chr19	108	72	16788	44	44	0	0	5418	16	16	0	0	complete_family	none_observed_under_screen
BD28	HG03834	HG03832	HG03833	BEB	SAS	chr20	74	71	15984	60	60	0	0	5382	16	16	0	0	complete_family	none_observed_under_screen
BD28	HG03834	HG03832	HG03833	BEB	SAS	chr21	30	30	6172	31	31	0	0	2285	9	9	0	0	complete_family	none_observed_under_screen
BD28	HG03834	HG03832	HG03833	BEB	SAS	chr22	31	28	5948	34	34	0	0	2133	24	24	0	0	complete_family	none_observed_under_screen
CLM30	HG01355	HG01354	HG01353	CLM	AMR	chr1	330	311	74547	243	243	0	0	27991	80	80	0	0	complete_family	none_observed_under_screen
CLM30	HG01355	HG01354	HG01353	CLM	AMR	chr2	348	324	78653	248	248	0	0	30265	94	94	0	0	complete_family	none_observed_under_screen
CLM30	HG01355	HG01354	HG01353	CLM	AMR	chr3	264	253	62972	265	265	0	0	23851	96	96	0	0	complete_family	none_observed_under_screen
CLM30	HG01355	HG01354	HG01353	CLM	AMR	chr4	257	241	58345	217	217	0	0	21318	85	85	0	0	complete_family	none_observed_under_screen
CLM30	HG01355	HG01354	HG01353	CLM	AMR	chr5	244	223	51678	204	204	0	0	19854	63	63	0	0	complete_family	none_observed_under_screen
CLM30	HG01355	HG01354	HG01353	CLM	AMR	chr6	227	222	51107	205	205	0	0	20869	81	81	0	0	complete_family	none_observed_under_screen
CLM30	HG01355	HG01354	HG01353	CLM	AMR	chr7	223	211	48864	154	154	0	0	18875	54	54	0	0	complete_family	none_observed_under_screen
CLM30	HG01355	HG01354	HG01353	CLM	AMR	chr8	158	144	34288	86	86	0	0	13054	19	19	0	0	complete_family	none_observed_under_screen
CLM30	HG01355	HG01354	HG01353	CLM	AMR	chr9	167	160	33180	169	169	0	0	13026	73	73	0	0	complete_family	none_observed_under_screen
CLM30	HG01355	HG01354	HG01353	CLM	AMR	chr10	155	147	34529	172	172	0	0	12213	50	50	0	0	complete_family	none_observed_under_screen
CLM30	HG01355	HG01354	HG01353	CLM	AMR	chr11	172	164	41750	140	140	0	0	16735	60	60	0	0	complete_family	none_observed_under_screen
CLM30	HG01355	HG01354	HG01353	CLM	AMR	chr12	187	173	43153	147	147	0	0	15058	47	47	0	0	complete_family	none_observed_under_screen
CLM30	HG01355	HG01354	HG01353	CLM	AMR	chr13	163	153	35164	96	96	0	0	12859	39	39	0	0	complete_family	none_observed_under_screen
CLM30	HG01355	HG01354	HG01353	CLM	AMR	chr14	118	113	27661	123	123	0	0	10759	54	54	0	0	complete_family	none_observed_under_screen
CLM30	HG01355	HG01354	HG01353	CLM	AMR	chr15	95	89	19008	71	71	0	0	8190	25	25	0	0	complete_family	none_observed_under_screen
CLM30	HG01355	HG01354	HG01353	CLM	AMR	chr16	106	102	24766	85	85	0	0	9289	30	30	0	0	complete_family	none_observed_under_screen
CLM30	HG01355	HG01354	HG01353	CLM	AMR	chr17	101	92	21640	60	60	0	0	8246	22	22	0	0	complete_family	none_observed_under_screen
CLM30	HG01355	HG01354	HG01353	CLM	AMR	chr18	103	96	21254	122	122	0	0	8036	43	43	0	0	complete_family	none_observed_under_screen
CLM30	HG01355	HG01354	HG01353	CLM	AMR	chr19	108	72	18184	69	69	0	0	5881	26	26	0	0	complete_family	none_observed_under_screen
CLM30	HG01355	HG01354	HG01353	CLM	AMR	chr20	74	71	16828	60	60	0	0	6069	15	15	0	0	complete_family	none_observed_under_screen
CLM30	HG01355	HG01354	HG01353	CLM	AMR	chr21	30	30	6861	28	28	0	0	2709	12	12	0	0	complete_family	none_observed_under_screen
CLM30	HG01355	HG01354	HG01353	CLM	AMR	chr22	31	28	6497	26	26	0	0	2436	8	8	0	0	complete_family	none_observed_under_screen
GB88	HG02883	HG02882	HG02881	GWD	AFR	chr1	330	311	71134	316	316	0	0	24559	124	124	0	0	complete_family	none_observed_under_screen
GB88	HG02883	HG02882	HG02881	GWD	AFR	chr2	348	324	77091	395	395	0	0	26642	138	138	0	0	complete_family	none_observed_under_screen
GB88	HG02883	HG02882	HG02881	GWD	AFR	chr3	264	253	60819	301	301	0	0	21490	102	102	0	0	complete_family	none_observed_under_screen
GB88	HG02883	HG02882	HG02881	GWD	AFR	chr4	257	241	54073	233	233	0	0	17598	86	86	0	0	complete_family	none_observed_under_screen
GB88	HG02883	HG02882	HG02881	GWD	AFR	chr5	244	223	48385	247	247	0	0	17176	77	77	0	0	complete_family	none_observed_under_screen
GB88	HG02883	HG02882	HG02881	GWD	AFR	chr6	227	222	48800	223	223	0	0	17268	74	74	0	0	complete_family	none_observed_under_screen
GB88	HG02883	HG02882	HG02881	GWD	AFR	chr7	223	211	45838	198	198	0	0	15988	72	72	0	0	complete_family	none_observed_under_screen
GB88	HG02883	HG02882	HG02881	GWD	AFR	chr8	158	144	32547	128	128	0	0	11147	50	50	0	0	complete_family	none_observed_under_screen
GB88	HG02883	HG02882	HG02881	GWD	AFR	chr9	167	160	32574	168	168	0	0	10910	72	72	0	0	complete_family	none_observed_under_screen
GB88	HG02883	HG02882	HG02881	GWD	AFR	chr10	155	147	32434	127	127	0	0	10418	43	43	0	0	complete_family	none_observed_under_screen
GB88	HG02883	HG02882	HG02881	GWD	AFR	chr11	172	164	40976	238	238	0	0	15473	86	86	0	0	complete_family	none_observed_under_screen
GB88	HG02883	HG02882	HG02881	GWD	AFR	chr12	187	173	42161	146	146	0	0	13145	37	37	0	0	complete_family	none_observed_under_screen
GB88	HG02883	HG02882	HG02881	GWD	AFR	chr13	163	153	34100	180	180	0	0	11169	59	59	0	0	complete_family	none_observed_under_screen
GB88	HG02883	HG02882	HG02881	GWD	AFR	chr14	118	113	26219	127	127	0	0	8910	44	44	0	0	complete_family	none_observed_under_screen
GB88	HG02883	HG02882	HG02881	GWD	AFR	chr15	95	89	18468	110	110	0	0	7332	44	44	0	0	complete_family	none_observed_under_screen
GB88	HG02883	HG02882	HG02881	GWD	AFR	chr16	106	102	23307	70	70	0	0	7831	30	30	0	0	complete_family	none_observed_under_screen
GB88	HG02883	HG02882	HG02881	GWD	AFR	chr17	101	92	20735	68	68	0	0	7067	32	32	0	0	complete_family	none_observed_under_screen
GB88	HG02883	HG02882	HG02881	GWD	AFR	chr18	103	96	20878	135	135	0	0	7230	58	58	0	0	complete_family	none_observed_under_screen
GB88	HG02883	HG02882	HG02881	GWD	AFR	chr19	108	72	16663	80	80	0	0	5022	23	23	0	0	complete_family	none_observed_under_screen
GB88	HG02883	HG02882	HG02881	GWD	AFR	chr20	74	71	15646	82	82	0	0	5272	38	38	0	0	complete_family	none_observed_under_screen
GB88	HG02883	HG02882	HG02881	GWD	AFR	chr21	30	30	6040	18	18	0	0	2143	8	8	0	0	complete_family	none_observed_under_screen
GB88	HG02883	HG02882	HG02881	GWD	AFR	chr22	31	28	5507	38	38	0	0	1917	18	18	0	0	complete_family	none_observed_under_screen
PEL019	HG01952	HG01951	HG01950	PEL	AMR	chr1	330	311	71544	236	236	0	0	24320	82	82	0	0	complete_family	none_observed_under_screen
PEL019	HG01952	HG01951	HG01950	PEL	AMR	chr2	348	324	78843	260	259	1	1	27546	71	71	0	0	complete_family	not_validated
PEL019	HG01952	HG01951	HG01950	PEL	AMR	chr3	264	253	61446	180	180	0	0	21305	66	66	0	0	complete_family	none_observed_under_screen
PEL019	HG01952	HG01951	HG01950	PEL	AMR	chr4	257	241	56491	161	161	0	0	17924	40	40	0	0	complete_family	none_observed_under_screen
PEL019	HG01952	HG01951	HG01950	PEL	AMR	chr5	244	223	48938	142	142	0	0	17279	49	49	0	0	complete_family	none_observed_under_screen
PEL019	HG01952	HG01951	HG01950	PEL	AMR	chr6	227	222	49495	168	168	0	0	18395	74	74	0	0	complete_family	none_observed_under_screen
PEL019	HG01952	HG01951	HG01950	PEL	AMR	chr7	223	211	46433	135	135	0	0	16721	59	59	0	0	complete_family	none_observed_under_screen
PEL019	HG01952	HG01951	HG01950	PEL	AMR	chr8	158	144	34086	76	76	0	0	11540	34	34	0	0	complete_family	none_observed_under_screen
PEL019	HG01952	HG01951	HG01950	PEL	AMR	chr9	167	160	32683	158	158	0	0	11219	71	71	0	0	complete_family	none_observed_under_screen
PEL019	HG01952	HG01951	HG01950	PEL	AMR	chr10	155	147	32755	123	123	0	0	10649	43	43	0	0	complete_family	none_observed_under_screen
PEL019	HG01952	HG01951	HG01950	PEL	AMR	chr11	172	164	40923	127	127	0	0	14983	44	44	0	0	complete_family	none_observed_under_screen
PEL019	HG01952	HG01951	HG01950	PEL	AMR	chr12	187	173	42918	128	128	0	0	13164	48	48	0	0	complete_family	none_observed_under_screen
PEL019	HG01952	HG01951	HG01950	PEL	AMR	chr13	163	153	35394	129	129	0	0	11338	60	60	0	0	complete_family	none_observed_under_screen
PEL019	HG01952	HG01951	HG01950	PEL	AMR	chr14	118	113	26903	63	63	0	0	9312	28	28	0	0	complete_family	none_observed_under_screen
PEL019	HG01952	HG01951	HG01950	PEL	AMR	chr15	95	89	18836	58	58	0	0	7416	20	20	0	0	complete_family	none_observed_under_screen
PEL019	HG01952	HG01951	HG01950	PEL	AMR	chr16	106	102	23263	45	45	0	0	7938	10	10	0	0	complete_family	none_observed_under_screen
PEL019	HG01952	HG01951	HG01950	PEL	AMR	chr17	101	92	21793	64	64	0	0	7360	27	27	0	0	complete_family	none_observed_under_screen
PEL019	HG01952	HG01951	HG01950	PEL	AMR	chr18	103	96	20852	90	90	0	0	7065	35	35	0	0	complete_family	none_observed_under_screen
PEL019	HG01952	HG01951	HG01950	PEL	AMR	chr19	108	72	16489	78	78	0	0	5199	29	29	0	0	complete_family	none_observed_under_screen
PEL019	HG01952	HG01951	HG01950	PEL	AMR	chr20	74	71	16766	38	38	0	0	5472	16	16	0	0	complete_family	none_observed_under_screen
PEL019	HG01952	HG01951	HG01950	PEL	AMR	chr21	30	30	6105	35	35	0	0	2201	11	11	0	0	complete_family	none_observed_under_screen
PEL019	HG01952	HG01951	HG01950	PEL	AMR	chr22	31	28	6066	20	20	0	0	2209	8	8	0	0	complete_family	none_observed_under_screen
PK06	HG02492	HG02491	HG02490	PJL	SAS	chr1	330	311	73034	215	215	0	0	26798	72	72	0	0	complete_family	none_observed_under_screen
PK06	HG02492	HG02491	HG02490	PJL	SAS	chr2	348	324	78539	299	297	2	0	28560	104	104	0	0	complete_family	not_validated
PK06	HG02492	HG02491	HG02490	PJL	SAS	chr3	264	253	63669	187	186	1	0	23411	76	76	0	0	complete_family	not_validated
PK06	HG02492	HG02491	HG02490	PJL	SAS	chr4	257	241	56778	172	172	0	0	20051	62	62	0	0	complete_family	none_observed_under_screen
PK06	HG02492	HG02491	HG02490	PJL	SAS	chr5	244	223	50357	171	171	0	0	18947	62	62	0	0	complete_family	none_observed_under_screen
PK06	HG02492	HG02491	HG02490	PJL	SAS	chr6	227	222	49481	182	182	0	0	18483	74	74	0	0	complete_family	none_observed_under_screen
PK06	HG02492	HG02491	HG02490	PJL	SAS	chr7	223	211	46066	192	192	0	0	17986	86	86	0	0	complete_family	none_observed_under_screen
PK06	HG02492	HG02491	HG02490	PJL	SAS	chr8	158	144	34751	131	131	0	0	12602	53	53	0	0	complete_family	none_observed_under_screen
PK06	HG02492	HG02491	HG02490	PJL	SAS	chr9	167	160	33441	178	178	0	0	12601	74	74	0	0	complete_family	none_observed_under_screen
PK06	HG02492	HG02491	HG02490	PJL	SAS	chr10	155	147	32523	125	125	0	0	11797	50	50	0	0	complete_family	none_observed_under_screen
PK06	HG02492	HG02491	HG02490	PJL	SAS	chr11	172	164	41530	148	148	0	0	16361	64	64	0	0	complete_family	none_observed_under_screen
PK06	HG02492	HG02491	HG02490	PJL	SAS	chr12	187	173	42577	166	166	0	0	14502	52	52	0	0	complete_family	none_observed_under_screen
PK06	HG02492	HG02491	HG02490	PJL	SAS	chr13	163	153	37024	140	140	0	0	13074	61	61	0	0	complete_family	none_observed_under_screen
PK06	HG02492	HG02491	HG02490	PJL	SAS	chr14	118	113	26765	104	104	0	0	9736	32	32	0	0	complete_family	none_observed_under_screen
PK06	HG02492	HG02491	HG02490	PJL	SAS	chr15	95	89	19248	77	77	0	0	8039	34	34	0	0	complete_family	none_observed_under_screen
PK06	HG02492	HG02491	HG02490	PJL	SAS	chr16	106	102	24143	59	59	0	0	8690	14	14	0	0	complete_family	none_observed_under_screen
PK06	HG02492	HG02491	HG02490	PJL	SAS	chr17	101	92	21836	44	44	0	0	7895	17	17	0	0	complete_family	none_observed_under_screen
PK06	HG02492	HG02491	HG02490	PJL	SAS	chr18	103	96	21882	102	102	0	0	8053	37	37	0	0	complete_family	none_observed_under_screen
PK06	HG02492	HG02491	HG02490	PJL	SAS	chr19	108	72	17112	54	54	0	0	5795	25	25	0	0	complete_family	none_observed_under_screen
PK06	HG02492	HG02491	HG02490	PJL	SAS	chr20	74	71	16060	42	42	0	0	5790	20	20	0	0	complete_family	none_observed_under_screen
PK06	HG02492	HG02491	HG02490	PJL	SAS	chr21	30	30	5916	26	26	0	0	2344	14	14	0	0	complete_family	none_observed_under_screen
PK06	HG02492	HG02491	HG02490	PJL	SAS	chr22	31	28	5933	26	26	0	0	2102	18	18	0	0	complete_family	none_observed_under_screen
PK16	HG02683	HG02682	HG02681	PJL	SAS	chr1	330	311	71198	183	183	0	0	24154	50	50	0	0	complete_family	none_observed_under_screen
PK16	HG02683	HG02682	HG02681	PJL	SAS	chr2	348	324	76503	273	273	0	0	26251	80	80	0	0	complete_family	none_observed_under_screen
PK16	HG02683	HG02682	HG02681	PJL	SAS	chr3	264	253	61905	223	223	0	0	21343	70	70	0	0	complete_family	none_observed_under_screen
PK16	HG02683	HG02682	HG02681	PJL	SAS	chr4	257	241	55890	109	109	0	0	18011	34	34	0	0	complete_family	none_observed_under_screen
PK16	HG02683	HG02682	HG02681	PJL	SAS	chr5	244	223	49088	202	201	1	1	17184	57	57	0	0	complete_family	not_validated
PK16	HG02683	HG02682	HG02681	PJL	SAS	chr6	227	222	49568	235	235	0	0	17407	82	82	0	0	complete_family	none_observed_under_screen
PK16	HG02683	HG02682	HG02681	PJL	SAS	chr7	223	211	46847	148	148	0	0	16250	63	63	0	0	complete_family	none_observed_under_screen
PK16	HG02683	HG02682	HG02681	PJL	SAS	chr8	158	144	32672	132	132	0	0	10954	37	37	0	0	complete_family	none_observed_under_screen
PK16	HG02683	HG02682	HG02681	PJL	SAS	chr9	167	160	33202	97	97	0	0	11125	26	26	0	0	complete_family	none_observed_under_screen
PK16	HG02683	HG02682	HG02681	PJL	SAS	chr10	155	147	33072	75	75	0	0	11161	20	20	0	0	complete_family	none_observed_under_screen
PK16	HG02683	HG02682	HG02681	PJL	SAS	chr11	172	164	40538	140	140	0	0	14798	56	56	0	0	complete_family	none_observed_under_screen
PK16	HG02683	HG02682	HG02681	PJL	SAS	chr12	187	173	41936	118	118	0	0	12740	26	26	0	0	complete_family	none_observed_under_screen
PK16	HG02683	HG02682	HG02681	PJL	SAS	chr13	163	153	35100	99	99	0	0	11304	33	33	0	0	complete_family	none_observed_under_screen
PK16	HG02683	HG02682	HG02681	PJL	SAS	chr14	118	113	26204	97	97	0	0	9324	38	38	0	0	complete_family	none_observed_under_screen
PK16	HG02683	HG02682	HG02681	PJL	SAS	chr15	95	89	18899	66	66	0	0	7242	29	29	0	0	complete_family	none_observed_under_screen
PK16	HG02683	HG02682	HG02681	PJL	SAS	chr16	106	102	23533	71	71	0	0	7705	21	21	0	0	complete_family	none_observed_under_screen
PK16	HG02683	HG02682	HG02681	PJL	SAS	chr17	101	92	22189	51	51	0	0	7676	20	20	0	0	complete_family	none_observed_under_screen
PK16	HG02683	HG02682	HG02681	PJL	SAS	chr18	103	96	20862	110	110	0	0	7528	36	36	0	0	complete_family	none_observed_under_screen
PK16	HG02683	HG02682	HG02681	PJL	SAS	chr19	108	72	16445	76	76	0	0	4898	28	28	0	0	complete_family	none_observed_under_screen
PK16	HG02683	HG02682	HG02681	PJL	SAS	chr20	74	71	16234	71	71	0	0	5118	20	20	0	0	complete_family	none_observed_under_screen
PK16	HG02683	HG02682	HG02681	PJL	SAS	chr21	30	30	6351	30	30	0	0	2129	4	4	0	0	complete_family	none_observed_under_screen
PK16	HG02683	HG02682	HG02681	PJL	SAS	chr22	31	28	5403	26	26	0	0	1906	4	4	0	0	complete_family	none_observed_under_screen
PR04	HG00642	HG00641	HG00640	PUR	AMR	chr1	330	311	73066	210	210	0	0	25783	66	66	0	0	complete_family	none_observed_under_screen
PR04	HG00642	HG00641	HG00640	PUR	AMR	chr2	348	324	76878	297	297	0	0	27251	78	78	0	0	complete_family	none_observed_under_screen
PR04	HG00642	HG00641	HG00640	PUR	AMR	chr3	264	253	62833	215	215	0	0	23083	75	75	0	0	complete_family	none_observed_under_screen
PR04	HG00642	HG00641	HG00640	PUR	AMR	chr4	257	241	57078	191	190	1	0	18890	52	52	0	0	complete_family	not_validated
PR04	HG00642	HG00641	HG00640	PUR	AMR	chr5	244	223	50578	178	178	0	0	18634	62	62	0	0	complete_family	none_observed_under_screen
PR04	HG00642	HG00641	HG00640	PUR	AMR	chr6	227	222	49077	170	170	0	0	18742	60	60	0	0	complete_family	none_observed_under_screen
PR04	HG00642	HG00641	HG00640	PUR	AMR	chr7	223	211	46884	178	178	0	0	16455	81	81	0	0	complete_family	none_observed_under_screen
PR04	HG00642	HG00641	HG00640	PUR	AMR	chr8	158	144	32607	123	123	0	0	11829	53	53	0	0	complete_family	none_observed_under_screen
PR04	HG00642	HG00641	HG00640	PUR	AMR	chr9	167	160	34027	135	135	0	0	11651	43	43	0	0	complete_family	none_observed_under_screen
PR04	HG00642	HG00641	HG00640	PUR	AMR	chr10	155	147	33082	140	140	0	0	11244	44	44	0	0	complete_family	none_observed_under_screen
PR04	HG00642	HG00641	HG00640	PUR	AMR	chr11	172	164	41264	154	153	1	1	15194	50	50	0	0	complete_family	not_validated
PR04	HG00642	HG00641	HG00640	PUR	AMR	chr12	187	173	43534	168	168	0	0	13315	48	48	0	0	complete_family	none_observed_under_screen
PR04	HG00642	HG00641	HG00640	PUR	AMR	chr13	163	153	35280	123	123	0	0	12180	55	55	0	0	complete_family	none_observed_under_screen
PR04	HG00642	HG00641	HG00640	PUR	AMR	chr14	118	113	27558	90	90	0	0	9787	21	21	0	0	complete_family	none_observed_under_screen
PR04	HG00642	HG00641	HG00640	PUR	AMR	chr15	95	89	19999	80	80	0	0	7575	18	18	0	0	complete_family	none_observed_under_screen
PR04	HG00642	HG00641	HG00640	PUR	AMR	chr16	106	102	23367	46	46	0	0	8268	20	20	0	0	complete_family	none_observed_under_screen
PR04	HG00642	HG00641	HG00640	PUR	AMR	chr17	101	92	22373	59	59	0	0	7524	20	20	0	0	complete_family	none_observed_under_screen
PR04	HG00642	HG00641	HG00640	PUR	AMR	chr18	103	96	21813	64	64	0	0	7508	15	15	0	0	complete_family	none_observed_under_screen
PR04	HG00642	HG00641	HG00640	PUR	AMR	chr19	108	72	17125	50	50	0	0	5225	18	18	0	0	complete_family	none_observed_under_screen
PR04	HG00642	HG00641	HG00640	PUR	AMR	chr20	74	71	16182	52	52	0	0	4926	12	12	0	0	complete_family	none_observed_under_screen
PR04	HG00642	HG00641	HG00640	PUR	AMR	chr21	30	30	6315	26	26	0	0	2338	11	11	0	0	complete_family	none_observed_under_screen
PR04	HG00642	HG00641	HG00640	PUR	AMR	chr22	31	28	6202	17	17	0	0	2116	8	8	0	0	complete_family	none_observed_under_screen
PR26	HG01087	HG01086	HG01085	PUR	AMR	chr1	330	311	69432	202	200	2	2	22504	52	52	0	0	complete_family	not_validated
PR26	HG01087	HG01086	HG01085	PUR	AMR	chr2	348	324	74688	250	250	0	0	23834	38	38	0	0	complete_family	none_observed_under_screen
PR26	HG01087	HG01086	HG01085	PUR	AMR	chr3	264	253	60383	217	217	0	0	19807	50	50	0	0	complete_family	none_observed_under_screen
PR26	HG01087	HG01086	HG01085	PUR	AMR	chr4	257	241	53301	191	191	0	0	16438	61	61	0	0	complete_family	none_observed_under_screen
PR26	HG01087	HG01086	HG01085	PUR	AMR	chr5	244	223	48352	168	167	1	1	15798	42	41	1	1	complete_family	not_validated
PR26	HG01087	HG01086	HG01085	PUR	AMR	chr6	227	222	46766	199	199	0	0	16169	66	66	0	0	complete_family	none_observed_under_screen
PR26	HG01087	HG01086	HG01085	PUR	AMR	chr7	223	211	43734	142	142	0	0	14578	54	54	0	0	complete_family	none_observed_under_screen
PR26	HG01087	HG01086	HG01085	PUR	AMR	chr8	158	144	32568	142	142	0	0	10192	47	47	0	0	complete_family	none_observed_under_screen
PR26	HG01087	HG01086	HG01085	PUR	AMR	chr9	167	160	32319	161	161	0	0	10265	50	50	0	0	complete_family	none_observed_under_screen
PR26	HG01087	HG01086	HG01085	PUR	AMR	chr10	155	147	32768	120	120	0	0	10076	32	32	0	0	complete_family	none_observed_under_screen
PR26	HG01087	HG01086	HG01085	PUR	AMR	chr11	172	164	39463	148	148	0	0	13513	37	37	0	0	complete_family	none_observed_under_screen
PR26	HG01087	HG01086	HG01085	PUR	AMR	chr12	187	173	40906	147	147	0	0	11481	32	32	0	0	complete_family	none_observed_under_screen
PR26	HG01087	HG01086	HG01085	PUR	AMR	chr13	163	153	34261	101	101	0	0	11075	41	41	0	0	complete_family	none_observed_under_screen
PR26	HG01087	HG01086	HG01085	PUR	AMR	chr14	118	113	26439	98	97	1	1	8777	18	18	0	0	complete_family	not_validated
PR26	HG01087	HG01086	HG01085	PUR	AMR	chr15	95	89	18769	97	97	0	0	6516	30	30	0	0	complete_family	none_observed_under_screen
PR26	HG01087	HG01086	HG01085	PUR	AMR	chr16	106	102	22971	51	51	0	0	7342	21	21	0	0	complete_family	none_observed_under_screen
PR26	HG01087	HG01086	HG01085	PUR	AMR	chr17	101	92	20720	41	41	0	0	6609	26	26	0	0	complete_family	none_observed_under_screen
PR26	HG01087	HG01086	HG01085	PUR	AMR	chr18	103	96	20010	76	76	0	0	6389	18	18	0	0	complete_family	none_observed_under_screen
PR26	HG01087	HG01086	HG01085	PUR	AMR	chr19	108	72	15616	59	59	0	0	4341	16	16	0	0	complete_family	none_observed_under_screen
PR26	HG01087	HG01086	HG01085	PUR	AMR	chr20	74	71	15695	49	49	0	0	5073	16	16	0	0	complete_family	none_observed_under_screen
PR26	HG01087	HG01086	HG01085	PUR	AMR	chr21	30	30	6125	33	33	0	0	1877	16	16	0	0	complete_family	none_observed_under_screen
PR26	HG01087	HG01086	HG01085	PUR	AMR	chr22	31	28	5676	26	26	0	0	1644	6	6	0	0	complete_family	none_observed_under_screen
SH028	HG00502	HG00501	HG00500	CHS	EAS	chr1	330	311	71499	256	256	0	0	25393	58	58	0	0	complete_family	none_observed_under_screen
SH028	HG00502	HG00501	HG00500	CHS	EAS	chr2	348	324	77798	291	291	0	0	27349	119	119	0	0	complete_family	none_observed_under_screen
SH028	HG00502	HG00501	HG00500	CHS	EAS	chr3	264	253	62092	171	171	0	0	22190	67	67	0	0	complete_family	none_observed_under_screen
SH028	HG00502	HG00501	HG00500	CHS	EAS	chr4	257	241	58064	175	175	0	0	19662	54	54	0	0	complete_family	none_observed_under_screen
SH028	HG00502	HG00501	HG00500	CHS	EAS	chr5	244	223	51344	168	167	1	0	17868	62	62	0	0	complete_family	not_validated
SH028	HG00502	HG00501	HG00500	CHS	EAS	chr6	227	222	48330	184	184	0	0	17584	80	80	0	0	complete_family	none_observed_under_screen
SH028	HG00502	HG00501	HG00500	CHS	EAS	chr7	223	211	45876	164	164	0	0	17247	59	59	0	0	complete_family	none_observed_under_screen
SH028	HG00502	HG00501	HG00500	CHS	EAS	chr8	158	144	33646	123	123	0	0	11391	41	41	0	0	complete_family	none_observed_under_screen
SH028	HG00502	HG00501	HG00500	CHS	EAS	chr9	167	160	32996	152	151	1	0	11714	53	53	0	0	complete_family	not_validated
SH028	HG00502	HG00501	HG00500	CHS	EAS	chr10	155	147	33138	113	113	0	0	11278	27	27	0	0	complete_family	none_observed_under_screen
SH028	HG00502	HG00501	HG00500	CHS	EAS	chr11	172	164	41079	149	149	0	0	15073	58	58	0	0	complete_family	none_observed_under_screen
SH028	HG00502	HG00501	HG00500	CHS	EAS	chr12	187	173	44134	126	126	0	0	15351	51	51	0	0	complete_family	none_observed_under_screen
SH028	HG00502	HG00501	HG00500	CHS	EAS	chr13	163	153	36232	112	112	0	0	12404	48	48	0	0	complete_family	none_observed_under_screen
SH028	HG00502	HG00501	HG00500	CHS	EAS	chr14	118	113	27748	128	128	0	0	9308	35	35	0	0	complete_family	none_observed_under_screen
SH028	HG00502	HG00501	HG00500	CHS	EAS	chr15	95	89	19145	78	78	0	0	7982	26	26	0	0	complete_family	none_observed_under_screen
SH028	HG00502	HG00501	HG00500	CHS	EAS	chr16	106	102	23478	76	76	0	0	8866	32	32	0	0	complete_family	none_observed_under_screen
SH028	HG00502	HG00501	HG00500	CHS	EAS	chr17	101	92	22312	54	54	0	0	7289	14	14	0	0	complete_family	none_observed_under_screen
SH028	HG00502	HG00501	HG00500	CHS	EAS	chr18	103	96	21193	92	92	0	0	7323	40	40	0	0	complete_family	none_observed_under_screen
SH028	HG00502	HG00501	HG00500	CHS	EAS	chr19	108	72	17375	42	42	0	0	5589	18	18	0	0	complete_family	none_observed_under_screen
SH028	HG00502	HG00501	HG00500	CHS	EAS	chr20	74	71	17023	53	53	0	0	5523	22	22	0	0	complete_family	none_observed_under_screen
SH028	HG00502	HG00501	HG00500	CHS	EAS	chr21	30	30	5758	34	34	0	0	2357	13	13	0	0	complete_family	none_observed_under_screen
SH028	HG00502	HG00501	HG00500	CHS	EAS	chr22	31	28	5812	26	26	0	0	1953	16	16	0	0	complete_family	none_observed_under_screen
Y028	NA18914	NA18912	NA18913	YRI	AFR	chr1	330	311	71525	274	274	0	0	25057	70	70	0	0	complete_family	none_observed_under_screen
Y028	NA18914	NA18912	NA18913	YRI	AFR	chr2	348	324	76030	368	368	0	0	26334	115	115	0	0	complete_family	none_observed_under_screen
Y028	NA18914	NA18912	NA18913	YRI	AFR	chr3	264	253	60533	270	270	0	0	21193	82	82	0	0	complete_family	none_observed_under_screen
Y028	NA18914	NA18912	NA18913	YRI	AFR	chr4	257	241	53162	270	270	0	0	18160	60	60	0	0	complete_family	none_observed_under_screen
Y028	NA18914	NA18912	NA18913	YRI	AFR	chr5	244	223	49673	205	205	0	0	17663	62	62	0	0	complete_family	none_observed_under_screen
Y028	NA18914	NA18912	NA18913	YRI	AFR	chr6	227	222	47618	254	254	0	0	17348	83	83	0	0	complete_family	none_observed_under_screen
Y028	NA18914	NA18912	NA18913	YRI	AFR	chr7	223	211	45611	218	218	0	0	16548	72	72	0	0	complete_family	none_observed_under_screen
Y028	NA18914	NA18912	NA18913	YRI	AFR	chr8	158	144	31638	138	138	0	0	10777	40	40	0	0	complete_family	none_observed_under_screen
Y028	NA18914	NA18912	NA18913	YRI	AFR	chr9	167	160	32641	200	200	0	0	11138	70	70	0	0	complete_family	none_observed_under_screen
Y028	NA18914	NA18912	NA18913	YRI	AFR	chr10	155	147	33146	153	153	0	0	10836	41	41	0	0	complete_family	none_observed_under_screen
Y028	NA18914	NA18912	NA18913	YRI	AFR	chr11	172	164	40293	182	182	0	0	14956	49	49	0	0	complete_family	none_observed_under_screen
Y028	NA18914	NA18912	NA18913	YRI	AFR	chr12	187	173	41908	172	172	0	0	12716	62	62	0	0	complete_family	none_observed_under_screen
Y028	NA18914	NA18912	NA18913	YRI	AFR	chr13	163	153	34149	145	145	0	0	11632	65	65	0	0	complete_family	none_observed_under_screen
Y028	NA18914	NA18912	NA18913	YRI	AFR	chr14	118	113	26057	160	160	0	0	8911	42	42	0	0	complete_family	none_observed_under_screen
Y028	NA18914	NA18912	NA18913	YRI	AFR	chr15	95	89	18948	78	78	0	0	7383	28	28	0	0	complete_family	none_observed_under_screen
Y028	NA18914	NA18912	NA18913	YRI	AFR	chr16	106	102	23417	74	74	0	0	8192	34	34	0	0	complete_family	none_observed_under_screen
Y028	NA18914	NA18912	NA18913	YRI	AFR	chr17	101	92	21215	80	80	0	0	7303	28	28	0	0	complete_family	none_observed_under_screen
Y028	NA18914	NA18912	NA18913	YRI	AFR	chr18	103	96	21007	126	126	0	0	7315	46	46	0	0	complete_family	none_observed_under_screen
Y028	NA18914	NA18912	NA18913	YRI	AFR	chr19	108	72	15822	76	76	0	0	4822	29	29	0	0	complete_family	none_observed_under_screen
Y028	NA18914	NA18912	NA18913	YRI	AFR	chr20	74	71	16047	74	73	1	1	5199	23	23	0	0	complete_family	not_validated
Y028	NA18914	NA18912	NA18913	YRI	AFR	chr21	30	30	5822	32	32	0	0	2180	9	9	0	0	complete_family	none_observed_under_screen
Y028	NA18914	NA18912	NA18913	YRI	AFR	chr22	31	28	5999	40	40	0	0	2085	20	20	0	0	complete_family	none_observed_under_screen
