assembly	tier	chromosome	element	position_1based	child_candidate_base	recurrence_key	occurrences_all_admitted	distinct_families_all_admitted	occurrences_complete_families	distinct_complete_families	recurrence_interpretation
GRCh38DH	primary	chr11	chr11:125871008-125871308:+:162	125871106	T	GRCh38DH|chr11|chr11:125871008-125871308:+:162|125871106|T	1	1	1	1	prioritization_only_not_proof
GRCh38DH	primary	chr14	chr14:87089557-87089868:+:92	87089686	G	GRCh38DH|chr14|chr14:87089557-87089868:+:92|87089686|G	1	1	1	1	prioritization_only_not_proof
GRCh38DH	primary	chr1	chr1:12838206-12838475:+:12	12838337	G	GRCh38DH|chr1|chr1:12838206-12838475:+:12|12838337|G	1	1	1	1	prioritization_only_not_proof
GRCh38DH	primary	chr1	chr1:204181985-204182322:-:269	204182173	A	GRCh38DH|chr1|chr1:204181985-204182322:-:269|204182173|A	1	1	1	1	prioritization_only_not_proof
GRCh38DH	primary	chr1	chr1:209261172-209261477:+:279	209261370	A	GRCh38DH|chr1|chr1:209261172-209261477:+:279|209261370|A	1	1	1	1	prioritization_only_not_proof
GRCh38DH	primary	chr1	chr1:80653489-80653784:-:98	80653584	C	GRCh38DH|chr1|chr1:80653489-80653784:-:98|80653584|C	1	1	1	1	prioritization_only_not_proof
GRCh38DH	primary	chr20	chr20:41008841-41009149:-:51	41008869	T	GRCh38DH|chr20|chr20:41008841-41009149:-:51|41008869|T	1	1	1	1	prioritization_only_not_proof
GRCh38DH	primary	chr2	chr2:193744630-193744939:+:282	193744770	A	GRCh38DH|chr2|chr2:193744630-193744939:+:282|193744770|A	1	1	1	1	prioritization_only_not_proof
GRCh38DH	primary	chr2	chr2:66634420-66634752:+:98	66634680	T	GRCh38DH|chr2|chr2:66634420-66634752:+:98|66634680|T	1	1	1	1	prioritization_only_not_proof
GRCh38DH	primary	chr2	chr2:80945251-80945567:-:117	80945285	T	GRCh38DH|chr2|chr2:80945251-80945567:-:117|80945285|T	1	1	1	1	prioritization_only_not_proof
GRCh38DH	primary	chr3	chr3:156164995-156165305:+:188	156165277	A	GRCh38DH|chr3|chr3:156164995-156165305:+:188|156165277|A	1	1	1	1	prioritization_only_not_proof
GRCh38DH	primary	chr4	chr4:77421355-77421657:+:79	77421636	A	GRCh38DH|chr4|chr4:77421355-77421657:+:79|77421636|A	1	1	1	1	prioritization_only_not_proof
GRCh38DH	primary	chr5	chr5:113491838-113492146:+:149	113492119	A	GRCh38DH|chr5|chr5:113491838-113492146:+:149|113492119|A	1	1	1	1	prioritization_only_not_proof
GRCh38DH	primary	chr5	chr5:51263989-51264294:+:60	51264043	A	GRCh38DH|chr5|chr5:51263989-51264294:+:60|51264043|A	1	1	1	1	prioritization_only_not_proof
GRCh38DH	primary	chr5	chr5:85403270-85403575:+:118	85403539	A	GRCh38DH|chr5|chr5:85403270-85403575:+:118|85403539|A	1	1	1	1	prioritization_only_not_proof
GRCh38DH	primary	chr9	chr9:122516300-122516602:-:150	122516322	T	GRCh38DH|chr9|chr9:122516300-122516602:-:150|122516322|T	1	1	1	1	prioritization_only_not_proof
GRCh38DH	strict_mapq60	chr5	chr5:51263989-51264294:+:60	51264043	A	GRCh38DH|chr5|chr5:51263989-51264294:+:60|51264043|A	1	1	1	1	prioritization_only_not_proof
